Gage_no,Gage_name,Lat_nwis,Long_nwis,flowpath_id,divide_id,NSE,KGE,PBIAS,RMSE
01031500,Piscataquis River,45.175,-69.3147222,wb-2467,cat-2467,0.07133177127078727,0.5096107606264629,-30.452457878913567,33.721781550806035
01078000,Smith River,43.56646307,-71.747857,wb-13105,cat-13105,,,,
04122500,Pere Marquette River,43.9450063,-86.2786896,wb-649865,cat-649865,,,,
03366500,Muscatatuck River,38.80422346,-85.673855,wb-824302,cat-824302,-0.12938804637382284,0.3075878898882014,-123.39227203099368,41.944127468884524
02246000,North Fort Black Creek,30.1132953,-81.9064915,wb-421842,cat-421842,,,,
03488000,North Fork Holston River,36.89678115,-81.7462293,wb-1018374,cat-1018374,,,,
07145700,Slate Creek,37.24946707,-97.4036569,wb-2171352,cat-2171352,,,,
07056000,Buffalo River,35.98305556,-92.7472222,wb-2196900,cat-2196900,,,,
08101000,Cowhouse Creek,31.2848902,-97.8850244,wb-2421351,cat-2421351,,,,
09081600,Crystal River ABV Avalanche Creek,39.23263889,-107.2275,wb-2622277,cat-2622277,-0.14145413562042575,0.1822842965601068,21.045295714157913,12.33542866690753
14182500,Little North Santiam River,44.7915108,-122.5789738,wb-3045546,cat-3045546,0.52084923074149,0.5676357358666003,24.035012719959795,20.637269585331747
14305500,Siletz River,44.7151172,-123.8873348,wb-3053035,cat-3053035,0.6868620933378344,0.8141937228307636,8.964867487398154,35.27471372207808
12095000,South Prairie Creek,47.13954628,-122.0926135,wb-3057378,cat-3057378,-0.11139062852072756,0.4175435486947702,-54.0643749209736,8.504423948382621
11143000,Big Sur River,36.24579648,-121.7732872,wb-3319424,cat-3319424,,,,
11264500,Merced River,37.73131496,-119.5590514,wb-3313417,cat-3313417,0.35688916945855287,0.5620926930255372,22.46612923879901,13.252824807358069
